Gene,Lack Of U,Lack Of A,Lack Of C,Lack Of G 
EG11808,0,1,2,3
EG10367,0,3,2,4
EG10642,4,2,0,3
EG10807,3,0,1,2
EG11331,6,0,2,3
EG11680 ,3,1,7,0
G7665 ,3,1,7,0
G7664 ,3,1,7,0
G7663,3,1,7,0
EG10757,5,1,0,2
EG10184,2,8,1,0
G7546,5,2,0,3
EG10617,4,2,0,3
G0-8885,,,,
EG11050 ,3,0,2,1
EG11048 ,3,0,2,1
EG11049 ,3,0,2,1
EG11046 ,3,0,2,1
EG11047,3,0,2,1
G0-9383 ,4,6,0,2
EG12663 ,4,6,0,2
EG12662 ,4,6,0,2
EG12661 ,4,6,0,2
G6359,4,6,0,2
G0-10689 ,17,4,0,2
EG12525,17,4,0,2
EG30062 ,0,3,,
EG31117 ,0,3,7,6
EG30060,0,3,7,6
EG11359 ,5,24,0,2
EG12173 ,5,24,0,2
G7711 ,5,24,0,2
G7710 ,5,24,0,2
G7709 ,5,24,0,2
G7708 ,5,24,0,2
G7707 ,5,24,0,2
G7706 ,5,24,0,2
G7705 ,5,24,0,2
G7704 ,5,24,0,2
G7703 ,5,24,0,2
G7702,5,24,0,2
EG10134 ,0,6,4,3
EG10135,0,6,4,3
EG10206,1,4,2,0
EG30063,,,,
EG30054 ,1,3,11,0
G7991 ,1,3,11,0
EG30039,1,3,11,0
EG11143,4,0,1,2
EG10108,2,1,0,6
EG10035,3,2,0,1
EG10176 ,2,0,3,5
EG10175 ,2,0,3,5
EG10177,2,0,3,5
EG10357,3,5,0,1
G7636 ,4,2,0,10
G7635 ,4,2,0,10
EG12770 ,4,2,0,10
EG12769 ,4,2,0,10
EG12768 ,4,2,0,10
G7634,4,2,0,10
EG10061,2,4,0,1
EG10451 ,3,0,1,12
EG10448 ,3,0,1,12
EG10444 ,3,0,1,12
EG10450 ,3,0,1,12
EG10445,3,0,1,12
EG10583,6,1,0,2
EG10636,3,2,1,0
G7103 ,2,1,8,0
G7104 ,2,1,8,0
G7105 ,2,1,8,0
G7106 ,2,1,8,0
G7107,2,1,8,0
EG30070 ,0,8,2,1
EG30077 ,0,8,2,1
EG30008 ,0,8,2,1
EG30043 ,0,8,2,1
EG30084,0,8,2,1
EG10944,0,2,1,3
EG10828 ,0,2,5,1
EG10242 ,0,2,5,1
EG10235,0,2,5,1
EG11627 ,5,0,2,6
EG11626 ,5,0,2,6
EG11625 ,5,0,2,6
EG11624,5,0,2,6
EG10747,0,10,19,1
EG10935,0,6,4,3
G6721 ,3,0,11,1
G6720,3,0,11,1
EG10658 ,3,12,0,11
EG10205,3,12,0,11
EG11146,5,2,1,0
G358 ,4,0,8,1
G359 ,4,0,8,1
G360 ,4,0,8,1
G361 ,4,0,8,1
G362 ,4,0,8,1
G363 ,4,0,8,1
G364 ,4,0,8,1
G365 ,4,0,8,1
G366,4,0,8,1
EG10389,0,9,1,2
EG10935,0,2,4,1
EG30050 ,0,2,6,4
EG12095,0,2,6,4
G7554 ,18,2,0,1
EG11805 ,18,2,0,1
EG11804 ,18,2,0,1
EG11803 ,18,2,0,1
EG11802 ,18,2,0,1
EG11801 ,18,2,0,1
EG11800 ,18,2,0,1
EG11799,18,2,0,1
G6557,6,0,5,4
G7430 ,6,7,1,0
G7429 ,6,7,1,0
G7428 ,6,7,1,0
G7427 ,6,7,1,0
G7426 ,6,7,1,0
G7425 ,6,7,1,0
EG12845,6,7,1,0
EG10051,11,1,0,2
EG11276,0,3,5,1
G0-8895 ,,,,
EG10901 ,4,2,3,0
EG11033,4,2,3,0
G7826 ,3,14,2,0
G7827,3,14,2,0
EG11569,1,7,6,0
EG10701 ,3,1,0,4
EG11258,3,1,0,4
EG11879 ,1,3,5,0
EG11880,1,3,5,0
EG30061,2,8,1,0
EG10170,1,11,0,2
G7039 ,4,1,0,9
EG11356 ,4,1,0,9
EG11355,4,1,0,9
G7572 ,3,2,0,1
G7571,3,2,0,1
EG10502 ,7,2,1,0
EG10494 ,7,2,1,0
EG11275,7,2,1,0
G6415,2,5,1,0
EG10669,3,1,0,11
EG11035,7,3,4,0
EG10953,3,4,0,1
EG10519 ,2,1,0,7
G6472,2,1,0,7
EG11404 ,0,1,2,6
EG10785,0,1,2,6
EG10131 ,3,0,6,1
EG10132,3,0,6,1
EG11113,2,4,1,0
EG12658 ,6,0,2,1
G7575,6,0,2,1
EG11889 ,0,14,1,3
EG11890,0,14,1,3
G6542,6,4,18,0
EG12202,3,0,1,2
EG30022,,5,0,1
EG10093,1,12,6,0
EG11128 ,0,16,1,4
EG10809,0,16,1,4
G0-8905 ,,,,
G7080,0,1,2,4
EG30013 ,9,0,8,1
EG30019 ,9,0,8,1
EG30018 ,9,0,8,1
EG30015 ,9,0,8,1
EG30095,9,0,8,1
EG10664,21,2,1,0
EG11111,1,11,5,0
EG11784,2,0,3,1
EG10185 ,1,0,4,2
EG10194 ,1,0,4,2
EG10186,1,0,4,2
EG10407,0,4,2,1
EG10608,3,4,0,1
EG10759,0,2,1,4
EG11236,1,0,10,2
EG10061,9,5,0,4
EG11277 ,0,1,3,2
EG10998 ,0,1,3,2
EG10999 ,0,1,3,2
EG11000,0,1,3,2
EG10707 ,3,2,0,1
EG11271,3,2,0,1
EG10631,1,2,13,0
EG11942 ,6,0,10,2
EG11943 ,6,0,10,2
EG11448,6,0,10,2
EG10467,5,0,2,1
EG11062,1,3,8,0
G6660,1,5,0,13
EG10256 ,1,4,3,0
EG10257,1,4,3,0
EG10100 ,4,0,2,3
EG10101 ,4,0,2,3
EG10104 ,4,0,2,3
EG10098 ,4,0,2,3
EG10105 ,4,0,2,3
EG10103 ,4,0,2,3
EG10102 ,4,0,2,3
EG10099 ,4,0,2,3
EG10106,4,0,2,3
G6283 ,2,8,0,1
G6282 ,2,8,0,1
G6281 ,2,8,0,1
G6280 ,2,8,0,1
G6278 ,2,8,0,1
G6277 ,2,8,0,1
EG11583,2,8,0,1
G6164,8,0,4,3
EG12424 ,0,5,7,10
EG10761 ,0,5,7,10
EG10427,0,5,7,10
EG10773 ,2,1,0,3
EG10772 ,2,1,0,3
EG10771,2,1,0,3
EG10322 ,2,12,1,0
EG10323 ,2,12,1,0
EG10324 ,2,12,1,0
EG11224 ,2,12,1,0
EG11975 ,2,12,1,0
EG11976 ,2,12,1,0
EG11977,2,12,1,0
EG11643,1,6,4,0
EG10587,2,0,4,1
EG11030 ,2,0,18,6
EG11871 ,2,0,18,6
M004 ,2,0,18,6
EG10204 ,2,0,18,6
EG11183 ,2,0,18,6
EG10074 ,2,0,18,6
EG10081,2,0,18,6
EG10520 ,2,0,1,3
EG11190,2,0,1,3
G6891,1,2,0,4
EG11179 ,0,5,4,2
EG10505 ,0,5,4,2
EG10665,0,5,4,2
EG10364,2,8,6,0
EG11270,1,9,7,0
G6892,0,4,3,2
EG12117,10,3,2,0
EG10054,2,14,3,0
EG10050,1,0,2,4
EG12630,0,8,7,1
EG10232 ,4,6,0,1
EG10233 ,4,6,0,1
EG10234,4,6,0,1
G0-8785,1,11,0,2
EG10071,1,2,4,0
G0-10439 ,0,4,1,5
EG10515 ,0,4,1,5
EG10514 ,0,4,1,5
EG10513,0,4,1,5
EG12563,2,1,0,4
EG10920 ,2,0,1,3
EG10239 ,2,0,1,3
EG10896,2,0,1,3
EG10859,4,0,11,2
EG11024 ,1,5,0,3
EG11025 ,1,5,0,3
EG11026 ,1,5,0,3
EG11027 ,1,5,0,3
EG11028 ,1,5,0,3
EG11274,1,5,0,3
EG12344,7,0,1,2
EG10897,0,2,1,3
EG10369,2,3,1,0
EG10820,3,0,4,1
EG10060,2,0,7,1
EG11104,0,12,6,1
EG30046,,,,0
EG10112,5,7,0,2
EG10588,5,12,0,1
EG30050,0,3,6,1
EG10563 ,22,1,0,2
EG10564,22,1,0,2
EG10174 ,0,2,1,3
EG10173,0,2,1,3
G6088,0,3,1,16
EG13161,0,8,4,2
EG10682,2,0,1,4
EG12099,2,0,1,3
G0-10592,7,0,1,11
G0-9042,,,,
EG10295 ,1,0,4,6
EG10298 ,1,0,4,6
EG10296,1,0,4,6
EG12358 ,0,5,1,3
G6476 ,0,5,1,3
G6477 ,0,5,1,3
G6478 ,0,5,1,3
G6479,0,5,1,3
EG10821,6,0,7,3
EG10061,0,6,2,1
EG10547,0,1,4,2
EG11036,1,7,6,0
EG11327 ,1,17,5,0
EG11326,1,17,5,0
EG12609 ,2,7,0,13
EG11083,2,7,0,13
G6719 ,5,0,1,6
G6718 ,5,0,1,6
G6717 ,5,0,1,6
G6716 ,5,0,1,6
G6715 ,5,0,1,6
G6714 ,5,0,1,6
G6713 ,5,0,1,6
G6712 ,5,0,1,6
G6711 ,5,0,1,6
G6710 ,5,0,1,6
G6709,5,0,1,6
EG11402 ,1,2,0,6
EG12127,1,2,0,6
EG11647,3,0,2,1
G6820 ,1,0,4,6
G6821 ,1,0,4,6
EG11634,1,0,4,6
EG12628 ,9,4,0,1
EG12627 ,9,4,0,1
EG12626 ,9,4,0,1
EG12625 ,9,4,0,1
EG10248,9,4,0,1
EG10435 ,1,0,3,2
EG10436 ,1,0,3,2
EG10437 ,1,0,3,2
EG10438 ,1,0,3,2
EG10595 ,1,0,3,2
EG11281 ,1,0,3,2
EG11363 ,1,0,3,2
EG11757 ,1,0,3,2
EG11758,1,0,3,2
EG10703,0,8,1,3
EG11094 ,4,0,13,1
EG10927,4,0,13,1
EG11030 ,3,4,0,1
EG11871 ,3,4,0,1
M004 ,3,4,0,1
EG10204,3,4,0,1
EG10358 ,2,4,0,7
EG10356,2,4,0,7
G7693 ,0,3,4,6
EG10685 ,0,3,4,6
EG11497,0,3,4,6
G6706,13,4,0,1
EG10920 ,0,8,3,2
EG10239 ,0,8,3,2
EG10896,0,8,3,2
EG12258 ,7,6,0,3
EG12259,7,6,0,3
EG12691 ,0,6,3,2
G6637,0,6,3,2
EG12393 ,6,3,1,0
EG11168 ,6,3,1,0
EG11169,6,3,1,0
EG11062,1,9,0,3
EG10069,0,8,3,4
EG12080 ,0,1,8,11
EG10823,0,1,8,11
EG10325,10,0,2,1
EG10556 ,1,0,8,2
EG10555 ,1,0,8,2
EG10554,1,0,8,2
EG10282 ,6,0,2,1
EG10703,6,0,2,1
EG11081 ,6,3,0,1
EG11080 ,6,3,0,1
EG10548,6,3,0,1
EG11314 ,0,4,3,5
EG11345,0,4,3,5
EG10166,12,5,2,0
EG11463,0,1,2,3
EG11062,2,0,1,3
EG12367 ,10,6,0,2
G6322 ,10,6,0,2
G6321 ,10,6,0,2
G6320,10,6,0,2
EG10384,1,5,4,0
EG10729,1,0,11,13
G6447 ,4,2,1,0
EG10852 ,4,2,1,0
EG11261 ,4,2,1,0
EG12842,4,2,1,0
EG30025,,2,0,5
G7137,0,3,4,6
EG11013,1,0,8,9
EG30038 ,6,2,0,1
EG30040 ,6,2,0,1
EG30041,6,2,0,1
EG10164,0,3,5,1
G7816,7,0,4,1
EG30051 ,2,5,1,0
EG30047 ,2,5,1,0
EG30048,2,5,1,0
EG10351 ,6,0,1,3
EG10348,6,0,1,3
EG11359 ,0,1,4,6
EG12173 ,0,1,4,6
G7711 ,0,1,4,6
G7710 ,0,1,4,6
G7709 ,0,1,4,6
G7708 ,0,1,4,6
G7707 ,0,1,4,6
G7706 ,0,1,4,6
G7705 ,0,1,4,6
G7704 ,0,1,4,6
G7703 ,0,1,4,6
G7702,0,1,4,6
EG10269 ,2,1,8,0
EG10672,2,1,8,0
EG11063,7,1,8,0
EG11024 ,3,5,0,1
EG11025 ,3,5,0,1
EG11026,3,5,0,1
EG10174 ,3,2,0,1
EG10173,3,2,0,1
EG10536 ,0,5,10,2
EG10537 ,0,5,10,2
EG10541 ,0,5,10,2
EG10538 ,0,5,10,2
EG10540,0,5,10,2
EG11680 ,2,1,0,6
G7665 ,2,1,0,6
G7664 ,2,1,0,6
G7663,2,1,0,6
EG11078 ,3,2,0,1
EG10652,3,2,0,1
EG10399 ,13,0,18,1
EG10401,13,0,18,1
EG10520,2,0,1,3
G6570,1,0,2,4
EG11703 ,6,2,1,0
EG11704,6,2,1,0
G6791,1,0,2,5
EG10272 ,4,18,0,1
EG10271,4,18,0,1
EG11447,1,6,5,0
EG10435 ,0,5,2,1
EG10436 ,0,5,2,1
EG10437 ,0,5,2,1
EG10438 ,0,5,2,1
EG10595 ,0,5,2,1
EG11281,0,5,2,1
EG10137,3,1,0,6
EG12427 ,2,4,0,1
EG10002 ,2,4,0,1
EG10152,2,4,0,1
G7961,4,7,0,1
G6837 ,5,0,12,1
G6836 ,5,0,12,1
EG11304 ,5,0,12,1
EG11303 ,5,0,12,1
EG10227,5,0,,1
EG11191 ,1,0,2,3
EG10251,1,0,2,3
EG10908 ,6,3,0,1
EG10874,6,3,0,1
EG13139,3,0,8,1
G6967,2,1,3,0
EG10635,0,6,5,3
G0-10642,2,12,0,1
EG10079,1,7,3,0
EG12368 ,4,5,2,0
G7018,4,5,2,0
EG10347 ,0,1,9,3
EG10339,0,1,9,3
EG11972 ,0,2,1,3
EG11973,0,2,1,3
EG11495,0,2,1,8
G0-10671,3,2,0,6
EG10489,5,2,1,0
EG10510,1,0,2,7
EG10797,2,0,1,3
EG10954,3,1,0,2
G7610 ,9,13,0,3
G7609,9,13,0,3
EG10603 ,4,3,0,1
EG11354 ,4,3,0,1
EG11439,4,3,0,1
EG10037,0,4,3,1
EG12658 ,1,8,3,0
G7575,1,8,3,0
EG12132 ,11,2,0,1
G7324 ,11,2,0,1
G7325 ,11,2,0,1
G7326,11,2,0,1
EG10384,1,3,0,2
EG10383,7,2,0,8
G7027 ,1,3,2,0
G370 ,1,3,2,0
G7028,1,3,2,0
EG11504 ,1,0,5,3
EG11737 ,1,0,5,3
EG11621,1,0,5,3
EG30055 ,0,1,5,10
EG30109 ,0,1,5,10
EG30057,0,1,5,10
EG10402,0,23,3,2
EG12688,4,1,0,5
EG30096,0,7,1,2
EG10380 ,1,0,4,5
EG10377 ,1,0,4,5
EG10379,1,0,4,5
EG10207,0,7,8,1
EG11031,7,3,2,0
EG10933 ,2,8,7,0
EG10934 ,2,8,7,0
EG10931 ,2,8,7,0
EG10932 ,2,8,7,0
EG10979 ,2,8,7,0
EG10980 ,2,8,7,0
EG10981 ,2,8,7,0
EG10982,2,8,7,0
EG11263 ,0,4,3,1
G7701,0,4,3,1
EG10311 ,2,1,4,0
EG10315 ,2,1,4,0
EG10314 ,2,1,4,0
EG10313 ,2,1,4,0
EG10310 ,2,1,4,0
EG11974 ,2,1,4,0
EG10308,2,1,4,0
EG11612,6,1,0,2
EG10976,2,0,1,5
EG10206,2,0,6,8
EG10518 ,2,0,6,5
EG11251 ,2,0,6,5
G6630,2,0,6,5
EG11795,3,2,1,0
EG10222 ,4,10,0,3
EG10220,4,10,0,3
G0-10598,,1,,0
EG10557,6,1,0,5
G7218,1,3,6,0
EG10932 ,0,3,7,2
EG10931 ,0,3,7,2
EG10934,0,3,7,2
EG11926 ,2,1,3,0
EG11925 ,2,1,3,0
EG11924 ,2,1,3,0
EG11923,2,1,3,0
EG11408 ,4,2,1,0
EG11407,4,2,1,0
EG10774,0,2,5,1
EG11029,3,9,0,1
G0-10202,0,4,3,2
EG11757 ,4,3,0,2
EG11758 ,4,3,0,2
EG11363 ,4,3,0,2
EG11281 ,4,3,0,2
EG10595 ,4,3,0,2
EG10438 ,4,3,0,2
EG10437 ,4,3,0,2
EG10436 ,4,3,0,2
EG10435,4,3,0,2
EG12013,0,8,1,2
EG12151 ,2,0,3,7
EG12150 ,2,0,3,7
EG13238,2,0,3,7
G7237,1,4,0,3
G6789 ,1,0,8,2
G6790,1,0,8,2
EG10358,6,0,4,5
EG10610 ,3,4,0,1
EG10609 ,3,4,0,1
EG10608,3,4,0,1
EG10925 ,2,1,0,5
EG11137 ,2,1,0,5
EG11138,2,1,0,5
EG12429 ,4,0,1,7
EG10439,4,0,1,7
EG11274,1,5,0,3
EG12116,1,0,3,4
EG12194 ,4,1,12,0
EG12193,4,1,12,0
G7682,8,2,0,1
EG10230 ,4,5,1,0
EG10949,4,5,1,0
EG11374 ,1,3,2,0
EG10690,1,3,2,0
EG10366 ,2,0,1,3
EG10362,2,0,1,3
EG10063,0,13,4,1
EG10694,2,1,7,0
EG10084,3,0,4,2
G0-10654,2,0,4,1
EG10385 ,3,2,4,0
EG10387,3,2,4,0
EG10367,13,7,1,0
G0-8913,7,1,0,4
EG10638 ,0,6,2,5
EG10639 ,0,6,2,5
EG10641 ,0,6,2,5
EG10640,0,6,2,5
EG20249,1,7,0,2
EG10375 ,1,12,6,0
EG11199 ,1,12,6,0
EG10093,1,12,6,0
EG10156,5,0,7,6
EG10806,1,6,0,3
EG11331,5,8,1,0
G7662 ,0,10,3,4
EG12802,0,10,3,4
EG10757,5,3,1,0
EG10056,7,9,3,0
EG10504,2,6,4,0
G7542 ,6,0,4,5
EG20080 ,6,0,4,5
G7543 ,6,0,4,5
G0-8601 ,6,0,4,5
G7544 ,6,0,4,5
G7545,6,0,4,5
EG10788 ,3,0,2,1
EG10789 ,3,0,2,1
EG10165,3,0,2,1
EG10273,0,5,1,7
G0-8884,,,,
EG10946,7,4,2,0
G379 ,14,4,0,1
G378 ,14,4,0,1
G377 ,14,4,0,1
EG11656 ,14,4,0,1
EG11654 ,14,4,0,1
EG11347,14,4,0,1
EG10525 ,2,1,6,0
G6201,2,1,6,0
EG30110 ,0,4,2,1
EG30113 ,0,4,2,1
EG30114 ,0,4,2,1
EG30056,0,4,2,1
EG10134 ,0,1,17,4
EG10135,0,1,17,4
EG10326,1,0,11,12
G6905 ,0,3,2,8
G6906 ,0,3,2,8
G6907 ,0,3,2,8
G6908 ,0,3,2,8
G6909 ,0,3,2,8
EG11378,0,3,2,8
EG11016 ,1,0,2,13
EG30108 ,1,0,2,13
EG30106,1,0,2,13
EG20248 ,1,4,5,0
EG11066,1,4,5,0
EG10688,1,3,0,2
EG30091 ,5,1,0,10
EG30103 ,5,1,0,10
EG30073 ,5,1,0,10
EG30080 ,5,1,0,10
EG30009 ,5,1,0,10
EG30044 ,5,1,0,10
EG30087,5,1,0,10
G0-8872,2,1,6,0
EG11130 ,0,2,3,1
EG11131 ,0,2,3,1
EG10836,0,2,3,1
EG12244,0,6,3,2
EG10649,0,3,4,2
G7630,0,1,6,2
G0-10463 ,20,4,0,1
EG10208,20,4,0,1
EG30061,0,3,6,2
G7804,2,13,0,1
EG10265,2,0,11,3
G0-10609,,,,
EG12278,2,6,1,0
EG11266,9,3,1,0
EG11435 ,1,22,2,0
EG11434 ,1,22,2,0
EG11599,1,22,2,0
EG10819 ,4,3,1,0
EG10817 ,4,3,1,0
EG10814 ,4,3,1,0
EG10816 ,4,3,1,0
EG10815 ,4,3,1,0
EG10818,4,3,1,0
G6195,12,5,0,1
EG12281 ,1,0,3,11
EG12287 ,1,0,3,11
EG12286 ,1,0,3,11
EG12285 ,1,0,3,11
EG12284 ,1,0,3,11
EG12283 ,1,0,3,11
EG12282 ,1,0,3,11
EG12280 ,1,0,3,11
EG12279,1,0,3,11
EG12235 ,3,0,2,4
EG12236 ,3,0,2,4
EG12237,3,0,2,4
EG11407 ,2,1,0,6
EG11408,2,1,0,6
EG10435 ,3,2,1,0
EG10436 ,3,2,1,0
EG10437 ,3,2,1,0
EG10438,3,2,1,0
EG11146,13,2,0,4
G6562 ,3,7,1,0
G369 ,3,7,1,0
G357,3,7,1,0
EG10935,1,0,6,5
EG30050 ,0,4,3,1
EG12095,0,4,3,1
EG10708,11,0,4,6
EG11277,0,1,3,2
G6933,15,2,0,5
EG11275,7,2,1,0
EG50003,4,3,1,0
EG10899 ,3,1,0,7
EG10966 ,3,1,0,7
EG10967 ,3,1,0,7
EG10829,3,1,0,7
EG11362 ,1,3,0,14
EG10230,1,3,0,14
EG10694,0,2,1,5
EG12179,0,2,11,4
EG10701 ,2,1,9,0
EG11258,2,1,9,0
EG11323 ,5,4,0,1
EG10697 ,5,4,0,1
EG11324 ,5,4,0,1
EG11333,5,4,0,1
EG12440,1,3,5,0
EG11827,0,6,2,4
EG11554,0,17,1,5
EG10155,14,0,4,8
G6999,4,3,1,0
G0-8910,2,4,1,0
EG10394,5,1,0,2
EG11390,0,1,2,3
EG12360 ,0,1,5,6
EG10660 ,0,1,5,6
EG10661,0,1,5,6
EG10757,1,0,2,11
EG10192,1,6,0,3
EG10831,1,7,0,3
EG10788 ,3,2,0,1
EG10789 ,3,2,0,1
EG10165,3,2,0,1
EG12202,4,1,0,5
G7366 ,1,2,4,0
G7365,1,2,4,0
EG30021,,2,,0
EG10091,2,5,0,1
EG11067,0,4,12,1
EG10188,0,2,10,1
EG30012 ,2,1,8,0
EG30011,2,1,8,0
EG10352 ,0,2,6,7
EG10349 ,0,2,6,7
EG10350 ,0,2,6,7
EG10355 ,0,2,6,7
EG10353,0,2,6,7
EG11375 ,2,11,1,0
EG11290,2,11,1,0
EG10787,0,8,2,4
EG10193 ,0,11,2,1
EG10183 ,0,11,2,1
EG10198 ,0,11,2,1
EG10197 ,0,11,2,1
EG10195,0,11,2,1
G0-10474,0,7,4,2
EG10407,4,2,0,1
EG10828 ,3,1,7,0
EG10242,3,1,7,0
EG10610 ,2,1,9,0
EG10609 ,2,1,9,0
EG10608,2,1,9,0
EG10336 ,5,1,0,4
EG10337 ,5,1,0,4
G7990,5,1,0,4
G6242,11,1,10,0
EG11551,4,0,2,1
EG10061,10,0,1,2
EG10269 ,6,1,0,2
EG10672,6,1,0,2
EG12107 ,0,5,1,15
EG12106 ,0,5,1,15
EG11798,0,5,1,15
EG11065,4,0,1,2
G7826,1,6,0,2
EG10615 ,8,1,3,0
EG10616 ,8,1,3,0
EG11965,8,1,3,0
EG10499 ,4,0,15,6
EG10500,4,0,15,6
EG10359,3,9,0,1
EG10467,1,0,2,5
EG11221,4,3,1,0
EG11286,0,1,2,10
EG10773 ,0,9,1,3
EG10772 ,0,9,1,3
EG10771,0,9,1,3
EG11440 ,0,3,1,2
EG11268,0,3,1,2
EG11325,1,5,6,0
G0-8892,2,1,0,7
EG11256,5,0,2,3
EG11030 ,2,3,0,1
EG11871 ,2,3,0,1
M004 ,2,3,0,1
EG10204 ,2,3,0,1
EG11183 ,2,3,0,1
EG10074 ,2,3,0,1
EG10081,2,3,0,1
EG11923,8,4,0,2
G7047,1,3,7,0
EG12093 ,2,9,0,1
EG11773 ,2,9,0,1
EG12092 ,2,9,0,1
EG12091 ,2,9,0,1
EG12090 ,2,9,0,1
EG12089 ,2,9,0,1
EG12088 ,2,9,0,1
EG12087 ,2,9,0,1
EG11774 ,2,9,0,1
EG12086 ,2,9,0,1
EG12084 ,2,9,0,1
EG12083 ,2,9,0,1
EG12082,2,9,0,1
G7940,2,9,0,3
EG10431,4,1,0,12
EG11270,1,3,4,0
EG10786 ,6,1,0,2
EG10824 ,6,1,0,2
EG10826,6,1,0,2
G0-8901,,,,
EG10637,0,1,2,4
EG10916 ,0,11,1,2
EG10887 ,0,11,1,2
EG10877 ,0,11,1,2
EG10902 ,0,11,1,2
EG10882 ,0,11,1,2
EG10918 ,0,11,1,2
EG10865 ,0,11,1,2
EG10883 ,0,11,1,2
EG10867 ,0,11,1,2
EG10866 ,0,11,1,2
EG10909,0,11,1,2
G6890 ,3,5,0,2
G6889,,,0,
G0-10602,8,0,2,11
EG11957 ,0,1,5,4
EG11958 ,0,1,5,4
EG11959 ,0,1,5,4
EG12458 ,0,1,5,4
G7821,0,1,5,4
EG12202,0,2,6,1
EG10221 ,1,2,4,0
EG10219 ,1,2,4,0
EG10220 ,1,2,4,0
EG10222,1,2,4,0
EG10511,1,9,0,6
EG10920 ,4,3,9,0
EG10239 ,4,3,9,0
EG10896,4,3,9,0
EG10671,4,0,3,2
EG10411,1,2,0,21
EG10859,0,5,2,4
EG10984,1,0,5,4
EG10589,8,3,0,1
EG10796 ,0,6,3,2
EG10793,0,6,3,2
EG20098,0,20,3,2
EG11104,14,7,1,0
EG30065,,0,,
EG10109 ,0,2,7,1
EG10110 ,0,2,7,1
EG10111,0,2,7,1
EG10407,7,2,1,0
EG10588,0,1,2,14
EG10505 ,0,3,6,2
EG10665 ,0,3,6,2
EG11179 ,0,3,6,2
EG30061,0,3,6,2
EG10577 ,1,2,7,0
EG10578,1,2,7,0
EG11149,0,4,1,2
EG10174 ,0,1,4,6
EG10173,0,1,4,6
EG10250 ,1,0,3,2
EG10249,1,0,3,2
EG12070,4,0,3,5
EG10550,6,2,1,0
EG10372,7,0,1,3
EG10608,2,1,9,0
EG10294,4,1,0,9
EG11123 ,0,5,2,1
EG11122,0,5,2,1
G7949,2,0,4,1
EG10061,24,8,0,1
EG11057 ,5,0,3,2
EG11056,5,0,3,2
G6600,1,0,5,4
EG10965,0,19,1,2
EG10567 ,0,8,3,1
EG10568 ,0,8,3,1
EG10569,0,8,3,1
EG10590 ,3,4,0,1
EG10582,3,4,0,1
EG11072,1,7,3,0
EG11815 ,0,1,10,3
EG11814 ,0,1,10,3
EG12195,0,1,10,3
EG12148,6,1,0,4
G6110 ,0,4,3,5
G6109,0,4,3,5
EG12380,0,3,4,1
EG11644,5,0,11,3
EG10084,3,0,2,9
G7758,2,1,0,9
G6167 ,1,0,2,7
G0-10434,1,0,2,7
EG30098,,,,
G7067,0,5,8,1
EG20044,0,2,4,6
EG11030 ,3,7,0,2
EG11871 ,3,7,0,2
M004 ,3,7,0,2
EG10204,3,7,0,2
EG11885 ,2,0,1,10
EG11886,2,0,1,10
EG10228 ,3,0,1,6
G6835 ,3,0,1,6
G6834,3,0,1,6
G6247,1,2,0,5
EG11746 ,9,0,2,1
EG11675,9,0,2,1
G6937,0,2,3,1
EG11479 ,1,7,6,0
G7808 ,1,7,6,0
G7806,1,7,6,0
EG10270 ,1,15,0,3
EG10857,1,15,0,3
EG11373,0,3,2,1
G6706,3,1,0,2
EG10880 ,0,4,3,1
EG11023 ,0,4,3,1
EG11153 ,0,4,3,1
EG10915,0,4,3,1
EG10067,1,0,4,3
EG11385 ,8,0,2,1
EG11384,8,0,2,1
EG12883,13,1,2,0
EG11311 ,0,5,1,3
EG10317,0,5,1,3
G6396,1,2,4,0
G812 ,9,4,2,0
EG11417,9,4,2,0
EG11291,0,5,1,2
EG10533 ,2,1,0,5
EG11491,2,1,0,5
G0-8873,,,,
EG10703,6,0,2,1
EG10896,0,4,3,10
EG10728 ,0,6,2,1
EG10733,0,6,2,1
EG10166,2,1,5,0
G7629 ,2,0,1,4
EG10955,2,0,1,4
EG11061,0,2,1,5
EG12344,6,1,2,0
EG10920,0,8,3,2
EG11276 ,0,3,5,1
EG11005 ,0,3,5,1
EG11006,0,3,5,1
EG11619,7,0,3,1
EG10382 ,3,9,0,1
EG11198,3,9,0,1
EG10182 ,0,6,3,1
EG10181 ,0,6,3,1
EG10180 ,0,6,3,1
EG10179 ,0,6,3,1
EG10178,0,6,3,1
EG10743 ,0,3,6,2
EG10914 ,0,3,6,2
EG11177 ,0,3,6,2
EG11178 ,0,3,6,2
EG10505 ,0,3,6,2
EG10665 ,0,3,6,2
EG11179 ,0,3,6,2
EG30061,0,3,6,2
EG11013,0,5,4,2
EG11037 ,0,3,2,1
EG30102 ,0,3,2,1
EG30107 ,0,3,2,1
EG30036 ,0,3,2,1
EG30101,0,3,2,1
EG10133,1,9,4,0
EG10566,1,2,3,0
G7401 ,0,3,17,4
G7402 ,0,3,17,4
EG12381 ,0,3,17,4
EG20257,0,3,17,4
EG12189,0,5,8,1
EG30064,1,2,13,0
EG11045,6,0,2,10
EG10453,13,1,8,0
EG30072 ,1,2,4,0
EG30079 ,1,2,4,0
EG30033 ,1,2,4,0
EG30086,1,2,4,0
EG10269 ,9,2,4,0
EG10672,9,2,4,0
EG12096 ,4,1,0,2
EG11250,4,1,0,2
EG11081 ,1,5,0,2
EG11080 ,1,5,0,2
EG10548 ,1,5,0,2
EG10492,1,5,0,2
EG11012,4,0,1,5
EG10452 ,3,14,0,2
EG10007 ,3,14,0,2
EG12125 ,3,14,0,2
EG12124,3,14,0,2
EG10539,0,2,5,4
EG10786,6,1,0,2
EG11680 ,0,10,3,4
G7665 ,0,10,3,4
G7664 ,0,10,3,4
G7663 ,0,10,3,4
G7662 ,0,10,3,4
EG12802,0,10,3,4
G6464,3,2,1,0
EG12606 ,4,3,1,0
EG50003,4,3,1,0
EG11781 ,2,1,3,0
EG11945 ,2,1,3,0
EG11946 ,2,1,3,0
EG11947 ,2,1,3,0
EG11948 ,2,1,3,0
EG11949 ,2,1,3,0
EG11950,2,1,3,0
G7242,0,4,2,10
EG11533,0,10,2,1
EG10278 ,4,3,2,0
EG10279,4,3,2,0
EG11645,2,3,0,1
EG10441 ,2,0,3,11
EG10900,2,0,3,11
EG10217,0,8,3,1
EG11424 ,8,0,3,4
EG11189 ,8,0,3,4
EG12210 ,8,0,3,4
EG10838,8,0,3,4
EG10410 ,2,7,0,1
EG10409,2,7,0,1
EG30100,2,5,1,0
G7961,1,0,6,4
EG10735 ,0,3,2,9
EG10783,0,3,2,9
EG11992,7,0,1,5
G7345,9,6,1,0
EG10281,8,1,0,3
EG12194 ,0,1,3,6
EG12193,0,1,3,6
EG11039 ,4,3,0,2
EG10078,4,3,0,2
EG31116,4,2,12,0
EG10365,10,3,4,0
G0-10677,,,,
EG10921,0,2,3,7
EG11230,5,3,1,0
G0-9382,,,,
EG10274,6,0,1,2
EG10881 ,2,10,0,3
EG11231,2,10,0,3
EG10510 ,8,0,1,2
EG12111,8,0,1,2
G7055,0,11,5,1
EG10792 ,9,0,2,4
EG10795,9,0,2,4
G7033,4,6,0,1
EG11422,7,0,6,1
EG10380 ,0,2,1,9
EG10377 ,0,2,1,9
EG10379 ,0,2,1,9
EG10381 ,0,2,1,9
EG10378,0,2,1,9
EG11044 ,6,1,0,2
EG10794 ,6,1,0,2
EG10169,6,1,0,2
EG11041,0,3,1,2
EG30014,0,2,5,4
EG11357,,,,
G6414,5,1,0,3
EG30031 ,0,2,1,9
EG30029 ,0,2,1,9
EG30059 ,0,2,1,9
EG30030 ,0,2,1,9
EG30028 ,0,2,1,9
EG30052 ,0,2,1,9
EG30058,0,2,1,9
EG10359,6,2,1,0
EG11297,6,4,2,0
EG11031,0,7,3,5
EG10543,2,1,7,0
EG11316,0,9,1,2
EG30075 ,2,0,9,1
EG30082 ,2,0,9,1
EG30035 ,2,0,9,1
EG30089,2,0,9,1
EG10881 ,11,0,8,5
EG11231 ,11,0,8,5
EG10506,11,0,8,5
EG11963 ,3,1,0,4
EG11962 ,3,1,0,4
EG11961,3,1,0,4
EG10976,6,8,1,0
EG11810 ,1,3,0,8
EG10371 ,1,3,0,8
EG11442,1,3,0,8
EG10705,6,0,1,7
EG12094 ,3,0,11,10
G0-9381 ,3,0,11,10
EG11574 ,3,0,11,10
EG11573 ,3,0,11,10
EG11572,3,0,11,10
G0-10610,,,,
EG10900 ,4,0,2,8
EG11265,4,0,2,8
EG10551,2,1,3,0
EG11067,6,1,4,0
EG11680 ,2,7,0,3
G7665,2,7,0,3
EG11408 ,0,3,1,14
EG11407,0,3,1,14
EG10295 ,1,0,4,3
EG10298 ,1,0,4,3
EG10296,1,0,4,3
EG11866 ,10,0,3,2
EG11867 ,10,0,3,2
EG11868,10,0,3,2
G0-10201,3,0,6,1
EG11620,8,0,1,2
EG11501,8,4,1,0
EG11387,3,2,0,5
G6148,0,3,5,1
EG11835,2,5,0,10
EG10158 ,7,1,5,0
EG10159,7,1,5,0
G7120 ,0,11,6,2
G7122,0,11,6,2
EG12301,7,0,1,3
EG11738,0,2,5,1
G6731,11,1,0,2
EG10435 ,7,1,0,2
EG10436 ,7,1,0,2
EG10437 ,7,1,0,2
EG10438 ,7,1,0,2
EG10595,7,1,0,2
EG12030,1,0,3,2
EG10443 ,2,6,0,1
EG10442,2,6,0,1
EG10925,0,1,6,12
EG10642,6,4,0,1
EG50002 ,1,0,4,2
EG50001,1,0,4,2
EG11149,0,4,5,8
G7880,2,0,7,1
EG10946 ,7,4,2,0
EG10073,7,4,2,0
EG11374 ,1,0,8,2
EG10690,1,0,8,2
G6236 ,1,2,3,0
G6237 ,1,2,3,0
EG10508 ,1,2,3,0
EG11098,1,2,3,0
EG10265 ,1,0,9,3
EG10347 ,1,0,9,3
EG10339 ,1,0,9,3
EG10342 ,1,0,9,3
EG10214 ,1,0,9,3
EG10619 ,1,0,9,3
EG10623 ,1,0,9,3
EG10344 ,1,0,9,3
EG10620 ,1,0,9,3
EG10604 ,1,0,9,3
EG10622 ,1,0,9,3
EG10621 ,1,0,9,3
EG10341 ,1,0,9,3
EG11086 ,1,0,9,3
EG11085 ,1,0,9,3
EG11084,1,0,9,3
EG10694,1,3,0,6
EG10082 ,0,2,1,4
EG11093 ,0,2,1,4
EG10083,0,2,1,4
EG50005,0,1,9,4
G0-10653,11,3,0,1
EG10385 ,7,2,0,8
EG10387 ,7,2,0,8
EG10383,7,2,0,8
EG10634 ,1,8,0,2
EG10636 ,1,8,0,2
EG10632 ,1,8,0,2
EG10633,1,8,0,2
EG12734 ,23,0,7,3
G81,23,0,7,3
EG11199 ,1,12,6,0
EG10093,1,12,6,0
EG10800,2,1,4,0
EG10046,11,5,0,1
EG10504,1,7,0,5
EG11182,5,1,2,0
EG10562,0,9,1,7
EG10200,0,4,2,3
EG11346,0,4,1,2
M014 ,7,1,0,2
G6205 ,7,1,0,2
M013 ,7,1,0,2
M012 ,7,1,0,2
M011 ,7,1,0,2
M010,7,1,0,2
EG30067,2,1,,0
G0-10465,7,5,0,3
EG10576,0,4,3,1
EG30097,2,0,3,1
G6260,10,6,1,0
EG10821 ,33,2,1,0
EG12385,33,2,1,0
EG10804,2,1,11,0
EG10423,1,0,4,2
EG10175 ,2,0,3,5
EG10176,2,0,3,5
EG11227 ,3,12,0,4
EG11228 ,3,12,0,4
EG11229,3,12,0,4
G6997,1,3,2,0
EG12766 ,2,0,4,1
G7633 ,2,0,4,1
G7632 ,2,0,4,1
G7631,2,0,4,1
EG10170,3,0,2,1
EG10743 ,2,8,1,0
EG10914 ,2,8,1,0
EG11177 ,2,8,1,0
EG11178 ,2,8,1,0
EG10505 ,2,8,1,0
EG10665 ,2,8,1,0
EG11179 ,2,8,1,0
EG30061,2,8,1,0
EG11517 ,6,5,0,2
EG10398 ,6,5,0,2
EG10396,6,5,0,2
EG10380 ,2,7,1,0
EG10377,2,7,1,0
G0-10600,4,1,3,0
EG10651,0,1,2,3
EG10167,2,1,6,0
EG10247 ,1,15,0,3
EG10693 ,1,15,0,3
EG10832 ,1,15,0,3
EG10270 ,1,15,0,3
EG10857,1,15,0,3
EG10420 ,0,6,2,1
EG10421,0,6,2,1
G0-10641 ,1,9,7,0
G8221 ,1,9,7,0
EG10493 ,1,9,7,0
EG10496 ,1,9,7,0
EG10497 ,1,9,7,0
EG10501 ,1,9,7,0
EG10498 ,1,9,7,0
EG11270,1,9,7,0
EG10375 ,9,0,5,2
EG10376,9,0,5,2
EG11092,0,2,1,8
EG10738,7,2,1,0
EG11610 ,1,0,4,13
EG11609,1,0,4,13
G0-9384 ,0,1,4,5
EG11530,0,1,4,5
EG10012 ,10,1,0,4
EG11405,10,1,0,4
G0-10437 ,0,8,7,2
EG10299 ,0,8,7,2
EG10264 ,0,8,7,2
EG10297,0,8,7,2
EG10935,20,1,0,2
G7948 ,0,8,3,9
G7947,0,8,3,9
EG10203,1,8,0,4
G0-10737,,,,
EG12181,8,5,0,3
EG11136,2,13,0,1
EG12629,1,6,0,3
G7593,1,0,5,3
EG10414,7,3,0,1
EG11030,3,1,4,0
EG10663,4,11,0,1
EG10363 ,2,0,1,3
EG10366 ,2,0,1,3
EG10362,2,0,1,3
EG10701 ,1,0,2,6
EG11258,1,0,2,6
EG11426 ,1,7,0,3
EG11425,1,7,0,3
EG11554,1,0,4,6
EG10155,12,1,0,2
G7071,1,13,7,0
G7885,0,2,4,1
EG10309,1,0,2,6
EG11806,3,0,1,4
EG10391 ,11,0,2,3
EG10392 ,11,0,2,3
EG10393,11,0,2,3
EG10653 ,0,,3,1
EG10655 ,0,25,3,1
EG10654 ,0,25,3,1
EG10188,0,25,3,1
EG10581,8,1,2,0
EG11249 ,4,1,0,9
EG10571 ,4,1,0,9
EG10835,4,1,0,9
EG10823,0,1,8,11
G7212 ,6,9,0,2
G7213,6,9,0,2
EG10680,9,3,2,0
EG10757,1,2,0,9
EG10189 ,3,7,0,1
EG10190 ,3,7,0,1
EG10191,3,7,0,1
EG10790,8,5,1,0
EG11050 ,2,4,3,0
EG11048 ,2,4,3,0
EG11049 ,2,4,3,0
EG11046 ,2,4,3,0
EG11047,2,4,3,0
G0-10689 ,8,1,0,2
EG12525,8,1,0,2
EG30020,0,1,,4
EG10066,2,11,1,0
EG11337,3,4,0,1
EG12153,2,3,1,0
EG30094,1,6,0,4
EG10252 ,11,1,0,6
EG10253,11,1,0,6
EG11289 ,1,27,0,5
G7145,1,27,0,5
EG11237,4,0,5,9
EG10802,8,3,1,0
EG11421,1,2,0,11
EG10040,0,3,2,6
EG10095,1,0,2,8
EG11551,2,4,0,1
EG10061,0,2,4,5
EG10735,7,1,0,8
EG10408,3,2,7,0
G6532,5,3,2,0
EG10499 ,6,0,2,1
EG10500,6,0,2,1
EG10636,10,1,0,2
EG11313,2,5,0,1
G6702,9,0,4,1
EG30074 ,0,11,1,2
EG30081 ,0,11,1,2
EG30034 ,0,11,1,2
EG30088,0,11,1,2
EG10993 ,0,6,2,1
EG10512,0,6,2,1
EG10086 ,2,3,0,1
EG10085,2,3,0,1
EG12615,3,8,0,1
EG10841 ,3,8,11,0
EG11388 ,3,8,11,0
EG11389,3,8,11,0
EG11692,1,0,6,4
EG10014,3,1,2,0
EG12179,3,1,2,0
EG11079 ,1,0,5,9
EG10492 ,1,0,5,9
EG10548 ,1,0,5,9
EG11080 ,1,0,5,9
EG11081,1,0,5,9
EG11628,3,1,0,2
EG12268,0,2,4,6
EG10510 ,0,6,2,1
EG12111,0,6,2,1
G0-9981,2,1,0,3
EG10821,2,1,0,4
G7061,3,2,1,0
EG10905 ,2,16,0,1
EG10764 ,2,16,0,1
EG10917 ,2,16,0,1
EG10870,2,16,0,1
EG10689 ,0,5,4,2
EG11817,0,5,4,2
EG12151 ,0,4,7,1
EG12150 ,0,4,7,1
EG13238,0,4,7,1
EG11569,1,0,3,7
G7264 ,3,0,6,5
G7263,3,0,6,5
EG11158 ,0,8,2,1
EG30099,0,8,2,1
EG10023 ,11,2,0,3
EG10022 ,11,2,0,3
EG10026,11,2,0,3
G6983 ,1,7,3,0
G6982,1,7,3,0
EG11957 ,1,4,0,2
EG11958 ,1,4,0,2
EG11959 ,1,4,0,2
EG12458 ,1,4,0,2
G7821,1,4,0,2
EG10221 ,0,2,1,6
EG10219 ,0,2,1,6
EG10220 ,0,2,1,6
EG10222,0,2,1,6
G7366,6,2,1,0
EG10670,3,4,6,0
G6867,0,4,1,7
EG11035,0,1,3,10
EG10976,4,2,1,0
EG11404,0,14,5,2
EG10357 ,2,13,0,5
EG10006,2,13,0,5
EG10500 ,1,0,7,9
EG10499,1,0,7,9
EG11209,0,9,4,3
EG11225 ,1,0,2,8
EG10095,1,0,2,8
EG12202,1,13,5,0
EG30016,0,,,
G6571,5,0,6,4
G6940 ,0,8,4,5
G6941 ,0,8,4,5
G6942 ,0,8,4,5
G6943 ,0,8,4,5
G6944,0,8,4,5
EG30037,4,0,2,3
EG11054,0,1,4,10
EG10174 ,0,2,3,4
EG10173,0,2,3,4
EG10802,3,6,0,4
EG11971,0,2,6,1
EG10550,2,1,3,0
EG10618 ,0,17,3,2
EG11252 ,0,17,3,2
EG12165 ,0,17,3,2
EG12167,0,17,3,2
EG10262 ,4,15,0,2
EG10293,4,15,0,2
EG10061,6,13,0,3
EG11575 ,1,0,4,5
EG11576 ,1,0,4,5
EG11577 ,1,0,4,5
EG11226 ,1,0,4,5
EG11280,1,0,4,5
EG10743,0,4,2,1
EG30099,0,8,2,1
EG10742,2,0,1,4
EG10958,0,1,2,5
EG12631 ,1,6,0,3
EG12629,1,6,0,3
G7254,2,0,1,3
G6787 ,3,4,0,2
G6788,3,4,0,2
EG11225,2,5,0,8
EG11481 ,1,7,6,0
EG11479 ,1,7,6,0
G7808 ,1,7,6,0
G7806,1,7,6,0
G6284 ,1,9,3,0
G6285 ,1,9,3,0
G6286,1,9,3,0
EG12316,4,5,1,0
EG11506 ,0,3,1,2
EG11507,0,3,1,2
EG10282 ,0,8,1,3
EG10703,0,8,1,3
G7350,0,6,3,1
EG11030 ,0,3,2,10
EG11871 ,0,3,2,10
M004 ,0,3,2,10
EG10204 ,0,3,2,10
EG11183,0,3,2,10
EG11362 ,2,12,3,0
EG10230,2,12,3,0
EG10878 ,4,12,1,0
EG10893 ,4,12,1,0
EG10903 ,4,12,1,0
EG10910 ,4,12,1,0
EG10912,4,12,1,0
EG11157 ,7,9,3,0
EG10056,7,9,3,0
EG11159,1,0,8,9
EG10065 ,5,0,1,9
EG10064 ,5,0,1,9
EG11223,5,0,1,9
EG10302 ,1,7,0,3
EG10304 ,1,7,0,3
EG10305 ,1,7,0,3
EG10303,1,7,0,3
EG10524 ,1,0,5,2
EG10526 ,1,0,5,2
EG10527,1,0,5,2
EG10125,15,3,1,0
EG10896,5,4,2,0
G7602 ,2,11,0,1
G7601,2,11,0,1
EG10727 ,2,3,0,8
EG11401,2,3,0,8
G7860 ,1,0,2,5
G7859 ,1,0,2,5
G7858 ,1,0,2,5
EG12495 ,1,0,2,5
EG12494 ,1,0,2,5
G7856,1,0,2,5
EG11042,6,1,0,7
G6939,3,0,1,2
EG10068,4,1,0,2
EG12344,4,5,0,2
EG10897,3,0,1,5
EG12844 ,7,1,3,0
G0-9121,7,1,3,0
EG11619,6,5,1,0
EG10898 ,0,1,4,3
EG11681 ,0,1,4,3
EG11682 ,0,1,4,3
EG12146 ,0,1,4,3
EG12147,0,1,4,3
EG10173 ,0,2,9,4
EG10174,0,2,9,4
G0-8867,,,,
EG11013,3,1,7,0
EG30017 ,,0,3,6
EG30042 ,14,0,3,6
EG30049 ,14,0,3,6
EG30068,14,0,3,6
EG10118 ,5,3,2,0
EG10121 ,5,3,2,0
EG10119 ,5,3,2,0
EG10120,5,3,2,0
EG11539,1,2,9,0
EG12189 ,4,1,0,6
EG11823,4,1,0,6
EG30066,6,7,0,1
G8210 ,1,6,0,2
EG10969 ,1,6,0,2
EG10970 ,1,6,0,2
EG10971 ,1,6,0,2
EG10972 ,1,6,0,2
EG10974 ,1,6,0,2
EG10973,1,6,0,2
G6602,6,7,1,0
EG11836,1,0,7,6
EG12697,0,23,2,1
EG11565 ,5,1,0,10
EG11564 ,5,1,0,10
EG11563 ,5,1,0,10
EG11562,5,1,0,10
EG10261 ,5,2,0,3
EG10263 ,5,2,0,3
EG10260 ,5,2,0,3
EG10259 ,5,2,0,3
EG11105,5,2,0,3
EG10801,6,1,0,4
EG10403 ,2,4,7,0
EG10404 ,2,4,7,0
EG11514,2,4,7,0
EG10525 ,7,1,0,4
G6201,7,1,0,4
G6464,4,0,1,5
EG10055 ,5,0,1,4
EG10052 ,5,0,1,4
EG10053,5,0,1,4
EG11423 ,6,0,2,1
EG11426 ,6,0,2,1
EG11425 ,6,0,2,1
EG11353 ,6,0,2,1
EG11352 ,6,0,2,1
EG11351 ,6,0,2,1
EG11350 ,6,0,2,1
EG11340 ,6,0,2,1
EG11339 ,6,0,2,1
EG11341,6,0,2,1
EG10441 ,3,7,0,1
EG10900,3,7,0,1
EG11458 ,7,6,4,0
EG11457 ,7,6,4,0
G7800 ,7,6,4,0
EG11486 ,7,6,4,0
EG11456 ,7,6,4,0
EG11455 ,7,6,4,0
EG11454 ,7,6,4,0
EG11453 ,7,6,4,0
EG11452 ,7,6,4,0
EG11451 ,7,6,4,0
EG11295 ,7,6,4,0
EG10840,7,6,4,0
EG10275 ,0,2,1,6
EG10276,0,2,1,6
EG12608 ,4,3,1,0
EG11557 ,4,3,1,0
EG11558 ,4,3,1,0
EG11559 ,4,3,1,0
EG11560 ,4,3,1,0
EG11561,4,3,1,0
G7949,2,1,30,0
G6936,0,3,2,1
EG11972 ,0,10,1,5
EG11973,0,10,1,5
EG11447,0,1,2,3
EG10435 ,0,1,2,6
EG10436 ,0,1,2,6
EG10437 ,0,1,2,6
EG10438 ,0,1,2,6
EG10595 ,0,1,2,6
EG11281 ,0,1,2,6
EG11363 ,0,1,2,6
EG11757 ,0,1,2,6
EG11758,0,1,2,6
EG10382 ,0,8,1,3
EG11198,0,8,1,3
G6603,0,1,3,4
EG10335,1,5,0,8
G6706,0,1,6,5
G6331,2,0,3,10
EG11369 ,5,0,11,1
EG11370,5,0,11,1
EG10695,0,2,4,1
EG11544,6,5,0,1
EG10070,2,1,0,9
EG10215 ,5,9,2,0
G0-10651,5,9,2,0
G7571 ,0,4,6,3
G7572,0,4,6,3
EG10415,3,1,0,2
EG12311 ,2,13,1,0
EG11328 ,2,13,1,0
EG12130 ,2,13,1,0
EG12131,2,13,1,0
EG10561 ,4,6,1,0
EG10560,4,6,1,0
G7748 ,2,0,5,1
G7747,2,0,5,1
EG10080,6,2,1,0
EG12129 ,0,14,4,1
EG11332,0,14,4,1
EG10791,7,19,0,2
EG12690 ,0,2,11,1
G6465,0,2,11,1
G7675 ,0,1,2,4
G7676 ,0,1,2,4
G7677 ,0,1,2,4
G436 ,0,1,2,4
EG10637,0,1,2,4
EG10957,1,0,6,2
EG11064,4,8,2,0
G6318 ,0,10,1,2
G6319,0,10,1,2
EG11040,0,2,1,3
G6447 ,0,2,5,10
EG10852,0,2,5,10
EG30104,3,4,1,0
EG10356,2,4,0,7
G7139 ,1,2,6,0
G7138,1,2,6,0
G6558,1,0,4,7
EG11204 ,0,1,7,13
EG10126,0,1,7,13
EG30053,0,6,2,9
EG10160,0,4,2,1
EG11297 ,1,3,0,14
EG11831,1,3,0,14
EG10858,5,3,1,0
EG10319 ,1,3,2,0
EG10320,1,3,2,0
EG10269 ,3,1,4,0
EG10672,3,1,4,0
EG10770,2,0,1,10
EG12417 ,2,0,3,1
EG12416 ,2,0,3,1
EG12415 ,2,0,3,1
EG12414 ,2,0,3,1
G7128 ,2,0,3,1
EG12419,2,0,3,1
EG11125,0,2,1,3
EG12177,12,1,0,5
EG10549,2,1,0,6
EG11063 ,5,6,2,0
EG11140,5,6,2,0
EG11680 ,1,0,5,3
G7665 ,1,0,5,3
G7664 ,1,0,5,3
G7663,1,0,5,3
EG10725 ,0,3,2,1
EG10724 ,0,3,2,1
EG10723 ,0,3,2,1
EG10722 ,0,3,2,1
EG10721 ,0,3,2,1
EG10720 ,0,3,2,1
EG10719 ,0,3,2,1
EG10718 ,0,3,2,1
EG10717 ,0,3,2,1
EG10716 ,0,3,2,1
EG10715 ,0,3,2,1
G7822 ,0,3,2,1
EG11283 ,0,3,2,1
EG10714 ,0,3,2,1
EG10713,0,3,2,1
EG12405,6,2,0,3
EG11249 ,2,9,8,0
EG10571 ,2,9,8,0
EG10835,2,9,8,0
EG10585,3,28,1,0
EG10520,0,2,1,5
G6118 ,0,1,4,6
G6117 ,0,1,4,6
G6116,0,1,4,6
EG11620,2,5,0,10
EG11202 ,13,14,0,1
EG11069 ,13,14,0,1
EG11201 ,13,14,0,1
EG10209 ,13,14,0,1
G0-10471,13,14,0,1
EG10266 ,4,1,3,0
EG10267,4,1,3,0
G6749 ,13,0,1,2
G0-10451,13,0,1,2
EG11036,1,0,4,6
EG11250 ,1,2,4,0
EG12096,1,2,4,0
G6798 ,0,1,4,3
G6799,0,1,4,3
G0-8881 ,0,5,1,4
G0-10715,0,5,1,4
EG10704 ,3,1,2,0
G6234 ,3,1,2,0
EG10666 ,3,1,2,0
EG11322 ,3,1,2,0
EG11321 ,3,1,2,0
EG11320,3,1,2,0
EG10154 ,0,14,1,3
EG10153,0,14,1,3
EG10925 ,1,0,18,20
EG11137,1,0,18,20
EG11280,1,0,4,5
EG10745 ,3,0,1,4
EG10744,3,0,1,4
EG10030,6,2,1,0
G7498,8,0,9,2
EG10362,2,0,1,3
EG10080,7,3,0,1
EG12215,1,6,4,0
G7923,5,0,3,1
G7565 ,1,0,2,3
G7564,1,0,2,3
EG11698 ,2,0,1,3
EG10363 ,2,0,1,3
EG10366 ,2,0,1,3
EG10362,2,0,1,3
EG10587,2,1,0,6
G7058,2,1,0,3
EG10798 ,0,2,1,6
EG10799,0,2,1,6
EG11926 ,8,4,0,2
EG11925 ,8,4,0,2
EG11924 ,8,4,0,2
EG11923,8,4,0,2
EG10292 ,5,7,1,0
EG10291,5,7,1,0
EG11384 ,7,3,1,0
EG11385,7,3,1,0
EG10825,1,5,0,2
G7679,0,3,1,10
EG10495,2,0,1,3
G0-10495 ,7,15,0,1
G6525,7,15,0,1
EG10859,0,10,2,5
EG10944,1,2,0,6
EG30111 ,8,1,2,0
EG30112,8,1,2,0
EG10489,0,1,10,9
EG30093,0,5,1,3
EG10558 ,7,4,1,0
EG10528 ,7,4,1,0
EG10559,7,4,1,0
EG11887,1,7,3,0
EG10457,1,3,5,0
EG30076 ,1,6,0,3
EG30083 ,1,6,0,3
EG30010 ,1,6,0,3
EG30045 ,1,6,0,3
EG30090,1,6,0,3
EG30071 ,3,2,0,5
EG30078 ,3,2,0,5
EG30032 ,3,2,0,5
EG30085,3,2,0,5
EG11263 ,0,3,2,1
G7701,0,3,2,1
EG10312,0,11,2,1
EG10643 ,7,0,2,3
EG10646,7,0,2,3
EG10518,0,1,2,4
EG10531,3,0,6,4
EG12052 ,2,8,0,3
EG12053 ,2,8,0,3
EG12054 ,2,8,0,3
EG12055 ,2,8,0,3
EG12169 ,2,8,0,3
EG12057 ,2,8,0,3
EG12058 ,2,8,0,3
EG12059 ,2,8,0,3
EG12060 ,2,8,0,3
EG12061 ,2,8,0,3
EG12062 ,2,8,0,3
EG12064 ,2,8,0,3
EG12067 ,2,8,0,3
EG12143 ,2,8,0,3
EG12068,2,8,0,3
EG10628,5,4,0,1
EG10167,7,3,0,1
EG30069 ,3,0,1,12
EG11175 ,3,0,1,12
EG11176 ,3,0,1,12
EG10016 ,3,0,1,12
EG12760,3,0,1,12
EG10960 ,2,5,1,0
EG10959,2,5,1,0
EG11034,10,0,2,1
G0-10641 ,1,3,4,0
G8221 ,1,3,4,0
EG10493 ,1,3,4,0
EG10496 ,1,3,4,0
EG10497 ,1,3,4,0
EG10501 ,1,3,4,0
EG10498 ,1,3,4,0
EG11270,1,3,4,0
EG10553,3,0,4,12
EG11091,1,2,9,0
EG12394,1,6,0,5
EG11217 ,0,2,1,8
EG11218 ,0,2,1,8
EG10730 ,0,2,1,8
EG10145,0,2,1,8
G7234 ,1,0,10,19
G7235 ,1,0,10,19
G7236 ,1,0,10,19
G7237 ,1,0,10,19
G7238,1,0,10,19
EG11236,0,9,5,3
G6852,1,3,5,0
EG12933 ,5,0,3,1
EG12101 ,5,0,3,1
EG12102,5,0,3,1
EG10594 ,3,2,0,5
EG10592,3,2,0,5
EG10435 ,6,0,1,7
EG10436 ,6,0,1,7
EG10437 ,6,0,1,7
EG10438,6,0,1,7
EG11734,3,1,0,7
EG12052 ,2,5,3,0
EG12053 ,2,5,3,0
EG12054 ,2,5,3,0
EG12055 ,2,5,3,0
EG12169 ,2,5,3,0
EG12057 ,2,5,3,0
EG12058 ,2,5,3,0
EG12059 ,2,5,3,0
EG12060 ,2,5,3,0
EG12061 ,2,5,3,0
EG12062 ,2,5,3,0
EG12064 ,2,5,3,0
EG12067 ,2,5,3,0
EG12143 ,2,5,3,0
EG12068,2,5,3,0
G6891 ,3,5,0,2
G6890 ,3,5,0,2
G6889,,,0,
EG11652,1,5,0,2
EG11089 ,0,5,1,7
EG10962 ,0,5,1,7
EG10963,0,5,1,7
EG10249,3,5,0,1
EG10956,4,7,2,0
G6877,2,4,8,0
EG12241 ,2,3,5,0
EG12240 ,2,3,5,0
EG11544,2,3,5,0
EG10117,4,2,0,5
EG12152,6,0,2,4
EG12204 ,6,1,0,9
G7000,6,1,0,9
EG11109,12,1,0,7
